PC1,PC2,Cluster
-3.88703455766999,-2.7143523534507388,0
4.401718940660816,-0.9276951344696334,1
1.6165815058247224,0.18238192496966454,2
-4.401940854428151,2.0140242419516863,3
-0.38584021470811136,1.6525910721247727,4
-2.926922103643675,-0.8680553776899823,5
-1.7524125773514954,1.6656765671517448,6
2.4305113688508255,2.3007085343158464,7
0.9537021549453123,-0.8066996469410147,8
